LineName,PointName,Elevation,Description,Longitude,Latitude,Ellipsoidal height,Easting RMS,Northing RMS,Elevation RMS,Lateral RMS,Antenna height,Antenna height units,Solution status,Averaging start,Averaging end,Samples,PDOP,Base easting,Base northing,Base elevation,Baseline,SurveyElevation_m,ElevDiff_m,ElevationClean_m,CleanNotes
NA,next to lwph7,622.629,,-99.00419184,38.20264947,596.532,0.01,0.011,0.011,0.015,2.134,m,FIX,2021-11-08 15:42:41.3 UTC-06:00,2021-11-08 15:42:47.3 UTC-06:00,4,1.3,-99.00419,38.20265,623.451,1.323,596.4085608,-0.1234392,596.3989944,Adjusted ellipsoidal height by mean offset of LWPH7 and LWPH8 measurements
NA,next to lwph8,622.5,,-99.00428535,38.2018838,596.403,0.012,0.01,0.015,0.016,2.134,m,FIX,2021-11-08 15:47:52.9 UTC-06:00,2021-11-08 15:47:59.1 UTC-06:00,4,1.5,-99.00419,38.20265,623.451,85.474,596.260428,-0.142572,596.2699944,Adjusted ellipsoidal height by mean offset of LWPH7 and LWPH8 measurements
Line1_Fenceline,ERT1,623.076,"numbering 1-48, starting from north end of transect. 3 m spacing.",-99.00428264,38.20352279,596.98,0.01,0.014,0.01,0.018,2.134,m,FIX,2021-11-08 15:52:52.2 UTC-06:00,2021-11-08 15:52:58.5 UTC-06:00,4,1.2,-99.00419,38.20265,623.451,97.258,,,596.8469944,Adjusted ellipsoidal height by mean offset of LWPH7 and LWPH8 measurements
Line1_Fenceline,ERT2,622.992,"numbering 1-48, starting from north end of transect. 3 m spacing.",-99.00428558,38.20349564,596.896,0.011,0.015,0.011,0.019,2.134,m,FIX,2021-11-08 15:53:29.3 UTC-06:00,2021-11-08 15:53:35.3 UTC-06:00,4,1.2,-99.00419,38.20265,623.451,94.264,,,596.7629944,Adjusted ellipsoidal height by mean offset of LWPH7 and LWPH8 measurements
Line1_Fenceline,ERT3,623.018,"numbering 1-48, starting from north end of transect. 3 m spacing.",-99.00428707,38.20346907,596.923,0.013,0.013,0.01,0.018,2.134,m,FIX,2021-11-08 15:53:55.9 UTC-06:00,2021-11-08 15:54:02.1 UTC-06:00,4,1.2,-99.00419,38.20265,623.451,91.349,,,596.7899944,Adjusted ellipsoidal height by mean offset of LWPH7 and LWPH8 measurements
Line1_Fenceline,ERT4,623.067,"numbering 1-48, starting from north end of transect. 3 m spacing.",-99.00429022,38.20344168,596.972,0.013,0.01,0.012,0.016,2.134,m,FIX,2021-11-08 15:54:24.8 UTC-06:00,2021-11-08 15:54:30.8 UTC-06:00,4,1.2,-99.00419,38.20265,623.451,88.345,,,596.8389944,Adjusted ellipsoidal height by mean offset of LWPH7 and LWPH8 measurements
Line1_Fenceline,ERT5,623.064,"numbering 1-48, starting from north end of transect. 3 m spacing.",-99.00429314,38.20341476,596.968,0.014,0.011,0.01,0.018,2.134,m,FIX,2021-11-08 15:54:50.4 UTC-06:00,2021-11-08 15:54:56.8 UTC-06:00,4,1.2,-99.00419,38.20265,623.451,85.388,,,596.8349944,Adjusted ellipsoidal height by mean offset of LWPH7 and LWPH8 measurements
Line1_Fenceline,ERT6,622.963,"numbering 1-48, starting from north end of transect. 3 m spacing.",-99.00429529,38.20338885,596.867,0.011,0.011,0.01,0.016,2.134,m,FIX,2021-11-08 15:55:17.0 UTC-06:00,2021-11-08 15:55:23.4 UTC-06:00,4,1.2,-99.00419,38.20265,623.451,82.553,,,596.7339944,Adjusted ellipsoidal height by mean offset of LWPH7 and LWPH8 measurements
Line1_Fenceline,ERT7,622.903,"numbering 1-48, starting from north end of transect. 3 m spacing.",-99.00429825,38.20336155,596.807,0.011,0.015,0.011,0.019,2.134,m,FIX,2021-11-08 15:56:05.2 UTC-06:00,2021-11-08 15:56:11.4 UTC-06:00,4,1.2,-99.00419,38.20265,623.451,79.559,,,596.6739944,Adjusted ellipsoidal height by mean offset of LWPH7 and LWPH8 measurements
Line1_Fenceline,ERT8,622.76,"numbering 1-48, starting from north end of transect. 3 m spacing.",-99.00430219,38.20333498,596.664,0.011,0.011,0.01,0.016,2.134,m,FIX,2021-11-08 15:56:34.0 UTC-06:00,2021-11-08 15:56:40.0 UTC-06:00,4,1.2,-99.00419,38.20265,623.451,76.682,,,596.5309944,Adjusted ellipsoidal height by mean offset of LWPH7 and LWPH8 measurements
Line1_Fenceline,ERT9,622.768,"numbering 1-48, starting from north end of transect. 3 m spacing.",-99.00430522,38.203308,596.672,0.012,0.013,0.01,0.018,2.134,m,FIX,2021-11-08 15:57:03.0 UTC-06:00,2021-11-08 15:57:09.4 UTC-06:00,4,1.2,-99.00419,38.20265,623.451,73.752,,,596.5389944,Adjusted ellipsoidal height by mean offset of LWPH7 and LWPH8 measurements
Line1_Fenceline,ERT10,622.77,"numbering 1-48, starting from north end of transect. 3 m spacing.",-99.00430919,38.2032814,596.674,0.011,0.01,0.01,0.015,2.134,m,FIX,2021-11-08 15:57:32.0 UTC-06:00,2021-11-08 15:57:38.2 UTC-06:00,4,1.2,-99.00419,38.20265,623.451,70.88,,,596.5409944,Adjusted ellipsoidal height by mean offset of LWPH7 and LWPH8 measurements
Line1_Fenceline,ERT11,622.837,"numbering 1-48, starting from north end of transect. 3 m spacing.",-99.00431195,38.20325409,596.741,0.01,0.01,0.011,0.015,2.134,m,FIX,2021-11-08 15:57:56.8 UTC-06:00,2021-11-08 15:58:02.8 UTC-06:00,4,1.2,-99.00419,38.20265,623.451,67.926,,,596.6079944,Adjusted ellipsoidal height by mean offset of LWPH7 and LWPH8 measurements
Line1_Fenceline,ERT12,622.902,"numbering 1-48, starting from north end of transect. 3 m spacing.",-99.00431512,38.20322732,596.806,0.014,0.013,0.01,0.018,2.134,m,FIX,2021-11-08 15:58:21.4 UTC-06:00,2021-11-08 15:58:27.6 UTC-06:00,4,1.2,-99.00419,38.20265,623.451,65.033,,,596.6729944,Adjusted ellipsoidal height by mean offset of LWPH7 and LWPH8 measurements
Line1_Fenceline,ERT13,622.949,"numbering 1-48, starting from north end of transect. 3 m spacing.",-99.00431661,38.2032001,596.853,0.011,0.016,0.01,0.019,2.134,m,FIX,2021-11-08 15:58:46.0 UTC-06:00,2021-11-08 15:58:52.2 UTC-06:00,4,1.2,-99.00419,38.20265,623.451,62.073,,,596.7199944,Adjusted ellipsoidal height by mean offset of LWPH7 and LWPH8 measurements
Line1_Fenceline,ERT14,623.034,"numbering 1-48, starting from north end of transect. 3 m spacing.",-99.00431739,38.20317331,596.938,0.012,0.012,0.01,0.017,2.134,m,FIX,2021-11-08 15:59:08.6 UTC-06:00,2021-11-08 15:59:14.8 UTC-06:00,4,1.2,-99.00419,38.20265,623.451,59.176,,,596.8049944,Adjusted ellipsoidal height by mean offset of LWPH7 and LWPH8 measurements
Line1_Fenceline,ERT15,623.062,"numbering 1-48, starting from north end of transect. 3 m spacing.",-99.0043183,38.20314641,596.966,0.011,0.011,0.01,0.015,2.134,m,FIX,2021-11-08 15:59:29.2 UTC-06:00,2021-11-08 15:59:35.2 UTC-06:00,4,1.2,-99.00419,38.20265,623.451,56.268,,,596.8329944,Adjusted ellipsoidal height by mean offset of LWPH7 and LWPH8 measurements
Line1_Fenceline,ERT16,623.009,"numbering 1-48, starting from north end of transect. 3 m spacing.",-99.00431848,38.20311964,596.913,0.013,0.017,0.011,0.021,2.134,m,FIX,2021-11-08 15:59:51.4 UTC-06:00,2021-11-08 15:59:57.6 UTC-06:00,4,1.2,-99.00419,38.20265,623.451,53.38,,,596.7799944,Adjusted ellipsoidal height by mean offset of LWPH7 and LWPH8 measurements
Line1_Fenceline,ERT17,622.976,"numbering 1-48, starting from north end of transect. 3 m spacing.",-99.00432072,38.2030923,596.88,0.016,0.012,0.01,0.021,2.134,m,FIX,2021-11-08 16:00:14.2 UTC-06:00,2021-11-08 16:00:20.2 UTC-06:00,4,1.2,-99.00419,38.20265,623.451,50.444,,,596.7469944,Adjusted ellipsoidal height by mean offset of LWPH7 and LWPH8 measurements
Line1_Fenceline,ERT18,622.988,"numbering 1-48, starting from north end of transect. 3 m spacing.",-99.00432098,38.2030654,596.892,0.016,0.013,0.01,0.02,2.134,m,FIX,2021-11-08 16:00:38.6 UTC-06:00,2021-11-08 16:00:44.8 UTC-06:00,4,1.2,-99.00419,38.20265,623.451,47.55,,,596.7589944,Adjusted ellipsoidal height by mean offset of LWPH7 and LWPH8 measurements
Line1_Fenceline,ERT19,622.913,"numbering 1-48, starting from north end of transect. 3 m spacing.",-99.00432147,38.20303825,596.817,0.019,0.016,0.01,0.025,2.134,m,FIX,2021-11-08 16:01:09.4 UTC-06:00,2021-11-08 16:01:15.6 UTC-06:00,4,1.2,-99.00419,38.20265,623.451,44.618,,,596.6839944,Adjusted ellipsoidal height by mean offset of LWPH7 and LWPH8 measurements
Line1_Fenceline,ERT20,622.861,"numbering 1-48, starting from north end of transect. 3 m spacing.",-99.00432296,38.20301142,596.765,0.015,0.013,0.01,0.02,2.134,m,FIX,2021-11-08 16:01:44.2 UTC-06:00,2021-11-08 16:01:50.4 UTC-06:00,4,1.2,-99.00419,38.20265,623.451,41.792,,,596.6319944,Adjusted ellipsoidal height by mean offset of LWPH7 and LWPH8 measurements
Line1_Fenceline,ERT21,622.871,"numbering 1-48, starting from north end of transect. 3 m spacing.",-99.00432223,38.20298486,596.775,0.01,0.012,0.01,0.016,2.134,m,FIX,2021-11-08 16:02:29.2 UTC-06:00,2021-11-08 16:02:35.2 UTC-06:00,4,1.2,-99.00419,38.20265,623.451,38.965,,,596.6419944,Adjusted ellipsoidal height by mean offset of LWPH7 and LWPH8 measurements
Line1_Fenceline,ERT22,622.843,"numbering 1-48, starting from north end of transect. 3 m spacing.",-99.00431993,38.2029571,596.746,0.013,0.012,0.01,0.018,2.134,m,FIX,2021-11-08 16:03:28.8 UTC-06:00,2021-11-08 16:03:34.8 UTC-06:00,4,1.2,-99.00419,38.20265,623.451,35.983,,,596.6129944,Adjusted ellipsoidal height by mean offset of LWPH7 and LWPH8 measurements
Line1_Fenceline,ERT23,622.823,"numbering 1-48, starting from north end of transect. 3 m spacing.",-99.00432148,38.20293067,596.727,0.013,0.011,0.011,0.016,2.134,m,FIX,2021-11-08 16:03:55.2 UTC-06:00,2021-11-08 16:04:01.4 UTC-06:00,4,1.1,-99.00419,38.20265,623.451,33.255,,,596.5939944,Adjusted ellipsoidal height by mean offset of LWPH7 and LWPH8 measurements
Line1_Fenceline,ERT24,622.808,"numbering 1-48, starting from north end of transect. 3 m spacing.",-99.00432324,38.20290432,596.712,0.011,0.012,0.01,0.016,2.134,m,FIX,2021-11-08 16:04:22.0 UTC-06:00,2021-11-08 16:04:28.2 UTC-06:00,4,1.1,-99.00419,38.20265,623.451,30.594,,,596.5789944,Adjusted ellipsoidal height by mean offset of LWPH7 and LWPH8 measurements
Line1_Fenceline,ERT25,622.78,"numbering 1-48, starting from north end of transect. 3 m spacing.",-99.00432506,38.20287774,596.683,0.011,0.011,0.01,0.015,2.134,m,FIX,2021-11-08 16:04:50.6 UTC-06:00,2021-11-08 16:04:56.8 UTC-06:00,4,1.1,-99.00419,38.20265,623.451,27.95,,,596.5499944,Adjusted ellipsoidal height by mean offset of LWPH7 and LWPH8 measurements
Line1_Fenceline,ERT26,622.707,"numbering 1-48, starting from north end of transect. 3 m spacing.",-99.00432517,38.20285051,596.61,0.014,0.011,0.01,0.018,2.134,m,FIX,2021-11-08 16:27:15.6 UTC-06:00,2021-11-08 16:27:21.4 UTC-06:00,3,1.2,-99.00419,38.20265,623.451,25.26,,,596.4769944,Adjusted ellipsoidal height by mean offset of LWPH7 and LWPH8 measurements
Line1_Fenceline,ERT27,622.752,"numbering 1-48, starting from north end of transect. 3 m spacing.",-99.00432657,38.20282272,596.656,0.013,0.011,0.01,0.017,2.134,m,FIX,2021-11-08 16:27:42.6 UTC-06:00,2021-11-08 16:27:50.0 UTC-06:00,4,1.2,-99.00419,38.20265,623.451,22.653,,,596.5229944,Adjusted ellipsoidal height by mean offset of LWPH7 and LWPH8 measurements
Line1_Fenceline,ERT28,622.7,"numbering 1-48, starting from north end of transect. 3 m spacing.",-99.00432651,38.20279732,596.604,0.012,0.011,0.011,0.016,2.134,m,FIX,2021-11-08 16:28:09.6 UTC-06:00,2021-11-08 16:28:16.2 UTC-06:00,3,1.2,-99.00419,38.20265,623.451,20.315,,,596.4709944,Adjusted ellipsoidal height by mean offset of LWPH7 and LWPH8 measurements
Line1_Fenceline,ERT29,622.791,"numbering 1-48, starting from north end of transect. 3 m spacing.",-99.00432734,38.20276928,596.694,0.011,0.015,0.01,0.019,2.134,m,FIX,2021-11-08 16:28:34.4 UTC-06:00,2021-11-08 16:28:40.6 UTC-06:00,4,1.2,-99.00419,38.20265,623.451,17.962,,,596.5609944,Adjusted ellipsoidal height by mean offset of LWPH7 and LWPH8 measurements
Line1_Fenceline,ERT30,622.873,"numbering 1-48, starting from north end of transect. 3 m spacing.",-99.00432695,38.20274184,596.776,0.011,0.013,0.011,0.017,2.134,m,FIX,2021-11-08 16:29:01.6 UTC-06:00,2021-11-08 16:29:07.8 UTC-06:00,4,1.2,-99.00419,38.20265,623.451,15.82,,,596.6429944,Adjusted ellipsoidal height by mean offset of LWPH7 and LWPH8 measurements
Line1_Fenceline,ERT31,622.89,"numbering 1-48, starting from north end of transect. 3 m spacing.",-99.00432761,38.20271554,596.793,0.012,0.011,0.01,0.017,2.134,m,FIX,2021-11-08 16:29:24.0 UTC-06:00,2021-11-08 16:29:30.2 UTC-06:00,4,1.2,-99.00419,38.20265,623.451,14.17,,,596.6599944,Adjusted ellipsoidal height by mean offset of LWPH7 and LWPH8 measurements
Line1_Fenceline,ERT32,622.925,"numbering 1-48, starting from north end of transect. 3 m spacing.",-99.00432841,38.20268809,596.828,0.017,0.016,0.01,0.024,2.134,m,FIX,2021-11-08 16:29:48.4 UTC-06:00,2021-11-08 16:29:54.6 UTC-06:00,4,1.2,-99.00419,38.20265,623.451,12.964,,,596.6949944,Adjusted ellipsoidal height by mean offset of LWPH7 and LWPH8 measurements
Line1_Fenceline,ERT33,622.894,"numbering 1-48, starting from north end of transect. 3 m spacing.",-99.00433265,38.20266182,596.797,0.012,0.011,0.01,0.016,2.134,m,FIX,2021-11-08 16:30:10.8 UTC-06:00,2021-11-08 16:30:17.0 UTC-06:00,4,1.2,-99.00419,38.20265,623.451,12.67,,,596.6639944,Adjusted ellipsoidal height by mean offset of LWPH7 and LWPH8 measurements
Line1_Fenceline,ERT34,622.9,"numbering 1-48, starting from north end of transect. 3 m spacing.",-99.00433458,38.20263498,596.803,0.014,0.012,0.011,0.018,2.134,m,FIX,2021-11-08 16:30:39.4 UTC-06:00,2021-11-08 16:30:45.4 UTC-06:00,4,1.2,-99.00419,38.20265,623.451,12.878,,,596.6699944,Adjusted ellipsoidal height by mean offset of LWPH7 and LWPH8 measurements
Line1_Fenceline,ERT35,622.918,"numbering 1-48, starting from north end of transect. 3 m spacing.",-99.00433541,38.20261656,596.821,0.01,0.011,0.01,0.015,2.134,m,FIX,2021-11-08 16:31:03.8 UTC-06:00,2021-11-08 16:31:09.8 UTC-06:00,4,1.2,-99.00419,38.20265,623.451,13.367,,,596.6879944,Adjusted ellipsoidal height by mean offset of LWPH7 and LWPH8 measurements
Line1_Fenceline,ERT36,622.852,"numbering 1-48, starting from north end of transect. 3 m spacing.",-99.00433338,38.20258999,596.755,0.012,0.01,0.011,0.016,2.134,m,FIX,2021-11-08 16:31:26.0 UTC-06:00,2021-11-08 16:31:32.2 UTC-06:00,4,1.2,-99.00419,38.20265,623.451,14.291,,,596.6219944,Adjusted ellipsoidal height by mean offset of LWPH7 and LWPH8 measurements
Line1_Fenceline,ERT37,622.878,"numbering 1-48, starting from north end of transect. 3 m spacing.",-99.00433518,38.20256319,596.781,0.01,0.012,0.01,0.016,2.134,m,FIX,2021-11-08 16:31:46.4 UTC-06:00,2021-11-08 16:31:52.4 UTC-06:00,4,1.2,-99.00419,38.20265,623.451,16.041,,,596.6479944,Adjusted ellipsoidal height by mean offset of LWPH7 and LWPH8 measurements
Line1_Fenceline,ERT38,622.834,"numbering 1-48, starting from north end of transect. 3 m spacing.",-99.00433718,38.20253605,596.737,0.011,0.014,0.01,0.018,2.134,m,FIX,2021-11-08 16:32:06.6 UTC-06:00,2021-11-08 16:32:12.8 UTC-06:00,4,1.2,-99.00419,38.20265,623.451,18.13,,,596.6039944,Adjusted ellipsoidal height by mean offset of LWPH7 and LWPH8 measurements
Line1_Fenceline,ERT39,622.745,"numbering 1-48, starting from north end of transect. 3 m spacing.",-99.00433824,38.20250918,596.648,0.014,0.011,0.011,0.018,2.134,m,FIX,2021-11-08 16:32:29.0 UTC-06:00,2021-11-08 16:32:35.2 UTC-06:00,4,1.2,-99.00419,38.20265,623.451,20.37,,,596.5149944,Adjusted ellipsoidal height by mean offset of LWPH7 and LWPH8 measurements
Line1_Fenceline,ERT40,622.756,"numbering 1-48, starting from north end of transect. 3 m spacing.",-99.00433801,38.20248208,596.659,0.011,0.012,0.012,0.016,2.134,m,FIX,2021-11-08 16:32:53.4 UTC-06:00,2021-11-08 16:32:59.6 UTC-06:00,4,1.2,-99.00419,38.20265,623.451,22.76,,,596.5259944,Adjusted ellipsoidal height by mean offset of LWPH7 and LWPH8 measurements
Line1_Fenceline,ERT41,622.734,"numbering 1-48, starting from north end of transect. 3 m spacing.",-99.00433743,38.20245494,596.637,0.016,0.02,0.011,0.025,2.134,m,FIX,2021-11-08 16:33:15.8 UTC-06:00,2021-11-08 16:33:22.0 UTC-06:00,4,1.2,-99.00419,38.20265,623.451,25.271,,,596.5039944,Adjusted ellipsoidal height by mean offset of LWPH7 and LWPH8 measurements
Line1_Fenceline,ERT42,622.718,"numbering 1-48, starting from north end of transect. 3 m spacing.",-99.00433773,38.20242801,596.62,0.012,0.013,0.01,0.017,2.134,m,FIX,2021-11-08 16:33:38.2 UTC-06:00,2021-11-08 16:33:44.2 UTC-06:00,4,1.2,-99.00419,38.20265,623.451,27.869,,,596.4869944,Adjusted ellipsoidal height by mean offset of LWPH7 and LWPH8 measurements
Line1_Fenceline,ERT43,622.717,"numbering 1-48, starting from north end of transect. 3 m spacing.",-99.00433773,38.20240134,596.62,0.01,0.011,0.011,0.015,2.134,m,FIX,2021-11-08 16:34:00.4 UTC-06:00,2021-11-08 16:34:06.6 UTC-06:00,4,1.2,-99.00419,38.20265,623.451,30.523,,,596.4869944,Adjusted ellipsoidal height by mean offset of LWPH7 and LWPH8 measurements
Line1_Fenceline,ERT44,622.702,"numbering 1-48, starting from north end of transect. 3 m spacing.",-99.00433814,38.20237476,596.605,0.014,0.01,0.011,0.018,2.134,m,FIX,2021-11-08 16:34:24.8 UTC-06:00,2021-11-08 16:34:30.8 UTC-06:00,4,1.2,-99.00419,38.20265,623.451,33.225,,,596.4719944,Adjusted ellipsoidal height by mean offset of LWPH7 and LWPH8 measurements
Line1_Fenceline,ERT45,622.766,"numbering 1-48, starting from north end of transect. 3 m spacing.",-99.00433829,38.20234745,596.669,0.014,0.01,0.01,0.018,2.134,m,FIX,2021-11-08 16:34:45.0 UTC-06:00,2021-11-08 16:34:51.0 UTC-06:00,4,1.2,-99.00419,38.20265,623.451,36.04,,,596.5359944,Adjusted ellipsoidal height by mean offset of LWPH7 and LWPH8 measurements
Line1_Fenceline,ERT46,622.756,"numbering 1-48, starting from north end of transect. 3 m spacing.",-99.0043396,38.20232069,596.659,0.011,0.011,0.013,0.016,2.134,m,FIX,2021-11-08 16:35:05.4 UTC-06:00,2021-11-08 16:35:11.4 UTC-06:00,4,1.2,-99.00419,38.20265,623.451,38.853,,,596.5259944,Adjusted ellipsoidal height by mean offset of LWPH7 and LWPH8 measurements
Line1_Fenceline,ERT47,622.777,"numbering 1-48, starting from north end of transect. 3 m spacing.",-99.00434126,38.20229354,596.68,0.01,0.011,0.01,0.015,2.134,m,FIX,2021-11-08 16:35:27.6 UTC-06:00,2021-11-08 16:35:33.8 UTC-06:00,4,1.2,-99.00419,38.20265,623.451,41.758,,,596.5469944,Adjusted ellipsoidal height by mean offset of LWPH7 and LWPH8 measurements
Line1_Fenceline,ERT48,622.861,"numbering 1-48, starting from north end of transect. 3 m spacing.",-99.0043416,38.20226641,596.764,0.011,0.011,0.01,0.015,2.134,m,FIX,2021-11-08 16:35:50.0 UTC-06:00,2021-11-08 16:35:56.2 UTC-06:00,4,1.2,-99.00419,38.20265,623.451,44.635,,,596.6309944,Adjusted ellipsoidal height by mean offset of LWPH7 and LWPH8 measurements
Line1_Fenceline,ERT49,622.896,"49-end, continuing to move south at points marked for roll along survey. 3 m spacing.",-99.00434336,38.20223961,596.799,0.01,0.01,0.011,0.015,2.134,m,FIX,2021-11-08 16:37:07.4 UTC-06:00,2021-11-08 16:37:13.4 UTC-06:00,4,1.2,-99.00419,38.20265,623.451,47.523,,,596.6659944,Adjusted ellipsoidal height by mean offset of LWPH7 and LWPH8 measurements
Line1_Fenceline,ERT50,622.94,"49-end, continuing to move south at points marked for roll along survey. 3 m spacing.",-99.00434232,38.20221237,596.843,0.013,0.011,0.011,0.017,2.134,m,FIX,2021-11-08 16:37:29.6 UTC-06:00,2021-11-08 16:37:35.8 UTC-06:00,4,1.2,-99.00419,38.20265,623.451,50.413,,,596.7099944,Adjusted ellipsoidal height by mean offset of LWPH7 and LWPH8 measurements
Line1_Fenceline,ERT51,622.936,"49-end, continuing to move south at points marked for roll along survey. 3 m spacing.",-99.0043424,38.2021858,596.838,0.015,0.011,0.012,0.018,2.134,m,FIX,2021-11-08 16:37:54.1 UTC-06:00,2021-11-08 16:38:00.0 UTC-06:00,4,1.2,-99.00419,38.20265,623.451,53.261,,,596.7049944,Adjusted ellipsoidal height by mean offset of LWPH7 and LWPH8 measurements
Line1_Fenceline,ERT52,622.936,"49-end, continuing to move south at points marked for roll along survey. 3 m spacing.",-99.00434368,38.20215881,596.838,0.017,0.011,0.011,0.021,2.134,m,FIX,2021-11-08 16:38:14.2 UTC-06:00,2021-11-08 16:38:20.3 UTC-06:00,4,1.2,-99.00419,38.20265,623.451,56.192,,,596.7049944,Adjusted ellipsoidal height by mean offset of LWPH7 and LWPH8 measurements
Line1_Fenceline,ERT53,622.84,"49-end, continuing to move south at points marked for roll along survey. 3 m spacing.",-99.00434359,38.20213226,596.743,0.01,0.01,0.01,0.014,2.134,m,FIX,2021-11-08 16:38:34.4 UTC-06:00,2021-11-08 16:38:41.4 UTC-06:00,4,1.2,-99.00419,38.20265,623.451,59.047,,,596.6099944,Adjusted ellipsoidal height by mean offset of LWPH7 and LWPH8 measurements
Line1_Fenceline,ERT54,622.882,"49-end, continuing to move south at points marked for roll along survey. 3 m spacing.",-99.00434384,38.20210547,596.784,0.014,0.02,0.01,0.025,2.134,m,FIX,2021-11-08 16:38:57.6 UTC-06:00,2021-11-08 16:39:03.6 UTC-06:00,4,1.2,-99.00419,38.20265,623.451,61.936,,,596.6509944,Adjusted ellipsoidal height by mean offset of LWPH7 and LWPH8 measurements
Line1_Fenceline,ERT55,622.853,"49-end, continuing to move south at points marked for roll along survey. 3 m spacing.",-99.00434396,38.20207831,596.755,0.012,0.011,0.011,0.016,2.134,m,FIX,2021-11-08 16:39:17.8 UTC-06:00,2021-11-08 16:39:24.0 UTC-06:00,4,1.2,-99.00419,38.20265,623.451,64.895,,,596.6219944,Adjusted ellipsoidal height by mean offset of LWPH7 and LWPH8 measurements
Line1_Fenceline,ERT56,622.875,"49-end, continuing to move south at points marked for roll along survey. 3 m spacing.",-99.00434341,38.20205138,596.778,0.011,0.011,0.01,0.016,2.134,m,FIX,2021-11-08 16:39:42.2 UTC-06:00,2021-11-08 16:39:48.4 UTC-06:00,4,1.2,-99.00419,38.20265,623.451,67.811,,,596.6449944,Adjusted ellipsoidal height by mean offset of LWPH7 and LWPH8 measurements
Line1_Fenceline,ERT57,622.857,"49-end, continuing to move south at points marked for roll along survey. 3 m spacing.",-99.00434444,38.20202435,596.759,0.011,0.01,0.01,0.015,2.134,m,FIX,2021-11-08 16:40:10.6 UTC-06:00,2021-11-08 16:40:16.9 UTC-06:00,4,1.2,-99.00419,38.20265,623.451,70.776,,,596.6259944,Adjusted ellipsoidal height by mean offset of LWPH7 and LWPH8 measurements
Line1_Fenceline,ERT58,622.852,"49-end, continuing to move south at points marked for roll along survey. 3 m spacing.",-99.00434529,38.20199708,596.754,0.01,0.01,0.01,0.014,2.134,m,FIX,2021-11-08 16:40:31.1 UTC-06:00,2021-11-08 16:40:37.1 UTC-06:00,4,1.2,-99.00419,38.20265,623.451,73.765,,,596.6209944,Adjusted ellipsoidal height by mean offset of LWPH7 and LWPH8 measurements
Line1_Fenceline,ERT59,622.849,"49-end, continuing to move south at points marked for roll along survey. 3 m spacing.",-99.00434858,38.2019701,596.752,0.012,0.014,0.011,0.018,2.134,m,FIX,2021-11-08 16:40:53.3 UTC-06:00,2021-11-08 16:40:59.3 UTC-06:00,4,1.2,-99.00419,38.20265,623.451,76.744,,,596.6189944,Adjusted ellipsoidal height by mean offset of LWPH7 and LWPH8 measurements
Line1_Fenceline,ERT60,622.802,"49-end, continuing to move south at points marked for roll along survey. 3 m spacing.",-99.00434639,38.20194335,596.704,0.011,0.013,0.01,0.017,2.134,m,FIX,2021-11-08 16:41:19.4 UTC-06:00,2021-11-08 16:41:25.7 UTC-06:00,4,1.2,-99.00419,38.20265,623.451,79.634,,,596.5709944,Adjusted ellipsoidal height by mean offset of LWPH7 and LWPH8 measurements
Line1_Fenceline,ERT61,622.691,"49-end, continuing to move south at points marked for roll along survey. 3 m spacing.",-99.00434666,38.20191634,596.593,0.012,0.01,0.013,0.016,2.134,m,FIX,2021-11-08 16:41:39.7 UTC-06:00,2021-11-08 16:41:45.9 UTC-06:00,4,1.2,-99.00419,38.20265,623.451,82.605,,,596.4599944,Adjusted ellipsoidal height by mean offset of LWPH7 and LWPH8 measurements
Line1_Fenceline,ERT62,622.624,"49-end, continuing to move south at points marked for roll along survey. 3 m spacing.",-99.00434682,38.20188905,596.526,0.012,0.014,0.012,0.018,2.134,m,FIX,2021-11-08 16:41:58.0 UTC-06:00,2021-11-08 16:42:04.0 UTC-06:00,4,1.2,-99.00419,38.20265,623.451,85.583,,,596.3929944,Adjusted ellipsoidal height by mean offset of LWPH7 and LWPH8 measurements
Line1_Fenceline,ERT63,622.626,"49-end, continuing to move south at points marked for roll along survey. 3 m spacing.",-99.00434849,38.20186261,596.528,0.014,0.012,0.011,0.018,2.134,m,FIX,2021-11-08 16:42:20.5 UTC-06:00,2021-11-08 16:42:26.4 UTC-06:00,4,1.2,-99.00419,38.20265,623.451,88.506,,,596.3949944,Adjusted ellipsoidal height by mean offset of LWPH7 and LWPH8 measurements
Line1_Fenceline,ERT64,622.625,"49-end, continuing to move south at points marked for roll along survey. 3 m spacing.",-99.00434978,38.20183476,596.527,0.011,0.01,0.011,0.015,2.134,m,FIX,2021-11-08 16:42:44.7 UTC-06:00,2021-11-08 16:42:50.7 UTC-06:00,4,1.3,-99.00419,38.20265,623.451,91.585,,,596.3939944,Adjusted ellipsoidal height by mean offset of LWPH7 and LWPH8 measurements
Line1_Fenceline,ERT65,622.681,"49-end, continuing to move south at points marked for roll along survey. 3 m spacing.",-99.00435099,38.20180847,596.583,0.011,0.014,0.011,0.018,2.134,m,FIX,2021-11-08 16:43:03.1 UTC-06:00,2021-11-08 16:43:09.1 UTC-06:00,4,1.2,-99.00419,38.20265,623.451,94.495,,,596.4499944,Adjusted ellipsoidal height by mean offset of LWPH7 and LWPH8 measurements
Line1_Fenceline,ERT66,622.73,"49-end, continuing to move south at points marked for roll along survey. 3 m spacing.",-99.00435076,38.20178142,596.632,0.012,0.011,0.011,0.016,2.134,m,FIX,2021-11-08 16:43:21.3 UTC-06:00,2021-11-08 16:43:27.5 UTC-06:00,4,1.2,-99.00419,38.20265,623.451,97.455,,,596.4989944,Adjusted ellipsoidal height by mean offset of LWPH7 and LWPH8 measurements
Line1_Fenceline,ERT67,622.79,"49-end, continuing to move south at points marked for roll along survey. 3 m spacing.",-99.00435155,38.20175433,596.692,0.011,0.011,0.011,0.015,2.134,m,FIX,2021-11-08 16:43:49.7 UTC-06:00,2021-11-08 16:43:55.9 UTC-06:00,4,1.2,-99.00419,38.20265,623.451,100.44,,,596.5589944,Adjusted ellipsoidal height by mean offset of LWPH7 and LWPH8 measurements
Line1_Fenceline,ERT68,622.782,"49-end, continuing to move south at points marked for roll along survey. 3 m spacing.",-99.00435219,38.20172763,596.684,0.013,0.011,0.01,0.017,2.134,m,FIX,2021-11-08 16:44:12.1 UTC-06:00,2021-11-08 16:44:18.1 UTC-06:00,4,1.2,-99.00419,38.20265,623.451,103.379,,,596.5509944,Adjusted ellipsoidal height by mean offset of LWPH7 and LWPH8 measurements
Line1_Fenceline,ERT69,622.823,"49-end, continuing to move south at points marked for roll along survey. 3 m spacing.",-99.00435368,38.2017004,596.725,0.014,0.012,0.01,0.019,2.134,m,FIX,2021-11-08 16:44:32.3 UTC-06:00,2021-11-08 16:44:38.5 UTC-06:00,4,1.2,-99.00419,38.20265,623.451,106.395,,,596.5919944,Adjusted ellipsoidal height by mean offset of LWPH7 and LWPH8 measurements
Line1_Fenceline,ERT70,622.846,"49-end, continuing to move south at points marked for roll along survey. 3 m spacing.",-99.00435331,38.2016736,596.748,0.011,0.01,0.01,0.015,2.134,m,FIX,2021-11-08 16:44:52.7 UTC-06:00,2021-11-08 16:44:58.7 UTC-06:00,4,1.2,-99.00419,38.20265,623.451,109.341,,,596.6149944,Adjusted ellipsoidal height by mean offset of LWPH7 and LWPH8 measurements
Line1_Fenceline,ERT71,622.874,"49-end, continuing to move south at points marked for roll along survey. 3 m spacing.",-99.00435306,38.20164643,596.776,0.012,0.013,0.011,0.018,2.134,m,FIX,2021-11-08 16:45:12.9 UTC-06:00,2021-11-08 16:45:18.9 UTC-06:00,4,1.2,-99.00419,38.20265,623.451,112.335,,,596.6429944,Adjusted ellipsoidal height by mean offset of LWPH7 and LWPH8 measurements
Line1_Fenceline,ERT72,622.716,"49-end, continuing to move south at points marked for roll along survey. 3 m spacing.",-99.00435324,38.20162,596.618,0.011,0.01,0.011,0.015,2.134,m,FIX,2021-11-08 16:45:35.1 UTC-06:00,2021-11-08 16:45:41.1 UTC-06:00,4,1.2,-99.00419,38.20265,623.451,115.243,,,596.4849944,Adjusted ellipsoidal height by mean offset of LWPH7 and LWPH8 measurements
NA,gas pipeline marker 1,622.819,,-99.00435116,38.20206194,596.721,0.011,0.01,0.01,0.015,2.134,m,FIX,2021-11-08 16:47:00.5 UTC-06:00,2021-11-08 16:47:06.5 UTC-06:00,4,1.2,-99.00419,38.20265,623.451,66.81,,,596.5879944,Adjusted ellipsoidal height by mean offset of LWPH7 and LWPH8 measurements
NA,gas pipeline marker 2,622.577,,-99.00426359,38.20206643,596.479,0.011,0.01,0.01,0.015,2.134,m,FIX,2021-11-08 16:47:44.9 UTC-06:00,2021-11-08 16:47:50.9 UTC-06:00,4,1.2,-99.00419,38.20265,623.451,65.114,,,596.3459944,Adjusted ellipsoidal height by mean offset of LWPH7 and LWPH8 measurements
NA,at lwph3,621.143,,-99.00307009,38.2032568,595.045,0.012,0.01,0.029,0.015,2.134,m,FIX,2021-11-10 12:07:02.6 UTC-06:00,2021-11-10 12:07:08.6 UTC-06:00,4,1.7,-99.003069,38.203256,621.862,1.418,595.10676,0.06176,594.9119944,Used ellipsoidal height
NA,between lwcb wells,620.933,,-99.00303151,38.2031116,594.835,0.01,0.011,0.023,0.015,2.134,m,FIX,2021-11-10 12:08:32.0 UTC-06:00,2021-11-10 12:08:38.0 UTC-06:00,4,1.9,-99.003069,38.203256,621.862,16.406,,,594.7019944,Used ellipsoidal height
NA,at lwph4b,620.854,,-99.00290855,38.20310246,594.756,0.011,0.012,0.015,0.016,2.134,m,FIX,2021-11-10 12:09:26.8 UTC-06:00,2021-11-10 12:09:33.0 UTC-06:00,4,1.6,-99.003069,38.203256,621.862,22.129,594.68004,-0.07596,594.6229944,Used ellipsoidal height
Line2_FloodplainNW-SE,ERT1,619.594,"starting at NW end by road, going SE",-99.00323305,38.20342104,593.497,0.05,0.017,0.091,0.053,2.134,m,FLOAT,2021-11-10 12:13:38.4 UTC-06:00,2021-11-10 12:13:48.4 UTC-06:00,6,1.5,-99.003069,38.203256,621.862,23.262,,,593.3639944,Used ellipsoidal height
Line2_FloodplainNW-SE,ERT2,621.253,"starting at NW end by road, going SE",-99.00320924,38.20339774,595.156,0.016,0.021,0.045,0.026,2.134,m,FLOAT,2021-11-10 12:14:06.4 UTC-06:00,2021-11-10 12:14:18.5 UTC-06:00,7,1.6,-99.003069,38.203256,621.862,20.031,,,595.0229944,Used ellipsoidal height
Line2_FloodplainNW-SE,ERT3,621.111,"starting at NW end by road, going SE",-99.0031877,38.20337868,595.014,0.047,0.049,0.103,0.068,2.134,m,FLOAT,2021-11-10 12:14:34.4 UTC-06:00,2021-11-10 12:14:44.6 UTC-06:00,6,1.9,-99.003069,38.203256,621.862,17.18,,,594.8809944,Used ellipsoidal height
Line2_FloodplainNW-SE,ERT4,622.126,"starting at NW end by road, going SE",-99.00316353,38.20335748,596.029,0.04,0.037,0.082,0.054,2.134,m,FLOAT,2021-11-10 12:15:03.0 UTC-06:00,2021-11-10 12:15:13.2 UTC-06:00,6,1.5,-99.003069,38.203256,621.862,14.2,,,595.8959944,Used ellipsoidal height
Line2_FloodplainNW-SE,ERT5,622.372,"starting at NW end by road, going SE",-99.00314308,38.20333748,596.274,0.04,0.03,0.1,0.05,2.134,m,FLOAT,2021-11-10 12:15:27.2 UTC-06:00,2021-11-10 12:15:37.4 UTC-06:00,6,2.1,-99.003069,38.203256,621.862,11.459,,,596.1409944,Used ellipsoidal height
Line2_FloodplainNW-SE,ERT6,621.909,"starting at NW end by road, going SE",-99.00311844,38.20331647,595.812,0.046,0.043,0.106,0.063,2.134,m,FLOAT,2021-11-10 12:15:59.6 UTC-06:00,2021-11-10 12:16:11.6 UTC-06:00,7,2.2,-99.003069,38.203256,621.862,8.268,,,595.6789944,Used ellipsoidal height
Line2_FloodplainNW-SE,ERT7,621.623,"starting at NW end by road, going SE",-99.00309558,38.20330026,595.525,0.03,0.066,0.09,0.072,2.134,m,FLOAT,2021-11-10 12:16:52.2 UTC-06:00,2021-11-10 12:17:02.2 UTC-06:00,6,1.8,-99.003069,38.203256,621.862,5.821,,,595.3919944,Used ellipsoidal height
Line2_FloodplainNW-SE,ERT8,621.25,"starting at NW end by road, going SE",-99.00307526,38.2032813,595.153,0.031,0.028,0.089,0.042,2.134,m,FLOAT,2021-11-10 12:17:18.4 UTC-06:00,2021-11-10 12:17:28.4 UTC-06:00,6,1.9,-99.003069,38.203256,621.862,3.208,,,595.0199944,Used ellipsoidal height
Line2_FloodplainNW-SE,ERT9,620.973,"starting at NW end by road, going SE",-99.00305215,38.20325995,594.875,0.034,0.024,0.136,0.042,2.134,m,FLOAT,2021-11-10 12:17:44.7 UTC-06:00,2021-11-10 12:17:54.8 UTC-06:00,6,1.8,-99.003069,38.203256,621.862,1.925,,,594.7419944,Used ellipsoidal height
Line2_FloodplainNW-SE,ERT10,620.972,"starting at NW end by road, going SE",-99.0030293,38.2032397,594.874,0.022,0.068,0.2,0.072,2.134,m,FLOAT,2021-11-10 12:18:13.1 UTC-06:00,2021-11-10 12:18:25.3 UTC-06:00,7,1.5,-99.003069,38.203256,621.862,4.231,,,594.7409944,Used ellipsoidal height
Line2_FloodplainNW-SE,ERT11,621.248,"starting at NW end by road, going SE",-99.00301145,38.20321871,595.15,0.011,0.011,0.035,0.016,2.134,m,FIX,2021-11-10 12:18:45.3 UTC-06:00,2021-11-10 12:18:57.7 UTC-06:00,7,1.6,-99.003069,38.203256,621.862,6.701,,,595.0169944,Used ellipsoidal height
Line2_FloodplainNW-SE,ERT12,621.004,"starting at NW end by road, going SE",-99.0029906,38.20319795,594.907,0.012,0.012,0.021,0.017,2.134,m,FLOAT,2021-11-10 12:19:17.9 UTC-06:00,2021-11-10 12:19:30.1 UTC-06:00,7,1.5,-99.003069,38.203256,621.862,9.513,,,594.7739944,Used ellipsoidal height
Line2_FloodplainNW-SE,ERT13,620.914,"starting at NW end by road, going SE",-99.00296836,38.20317487,594.816,0.014,0.013,0.035,0.019,2.134,m,FLOAT,2021-11-10 12:20:00.3 UTC-06:00,2021-11-10 12:20:12.5 UTC-06:00,7,2.4,-99.003069,38.203256,621.862,12.663,,,594.6829944,Used ellipsoidal height
Line2_FloodplainNW-SE,ERT14,620.667,"starting at NW end by road, going SE",-99.00294628,38.20315425,594.569,0.01,0.012,0.021,0.015,2.134,m,FIX,2021-11-10 12:20:30.5 UTC-06:00,2021-11-10 12:20:40.7 UTC-06:00,6,1.7,-99.003069,38.203256,621.862,15.629,,,594.4359944,Used ellipsoidal height
Line2_FloodplainNW-SE,ERT15,620.781,"starting at NW end by road, going SE",-99.00292515,38.20313307,594.684,0.014,0.015,0.024,0.021,2.134,m,FIX,2021-11-10 12:20:56.9 UTC-06:00,2021-11-10 12:21:07.1 UTC-06:00,6,1.4,-99.003069,38.203256,621.862,18.59,,,594.5509944,Used ellipsoidal height
Line2_FloodplainNW-SE,ERT16,620.895,"starting at NW end by road, going SE",-99.00290325,38.20311197,594.797,0.013,0.011,0.021,0.017,2.134,m,FIX,2021-11-10 12:21:29.3 UTC-06:00,2021-11-10 12:21:41.1 UTC-06:00,7,1.5,-99.003069,38.203256,621.862,21.617,,,594.6639944,Used ellipsoidal height
Line2_FloodplainNW-SE,ERT17,621.32,"starting at NW end by road, going SE",-99.00288099,38.20309228,595.222,0.012,0.014,0.02,0.018,2.134,m,FLOAT,2021-11-10 12:21:55.5 UTC-06:00,2021-11-10 12:22:05.5 UTC-06:00,6,1.5,-99.003069,38.203256,621.862,24.576,,,595.0889944,Used ellipsoidal height
Line2_FloodplainNW-SE,ERT18,621.342,"starting at NW end by road, going SE",-99.00286195,38.2030697,595.244,0.013,0.012,0.027,0.018,2.134,m,FIX,2021-11-10 12:22:21.7 UTC-06:00,2021-11-10 12:22:33.9 UTC-06:00,7,1.6,-99.003069,38.203256,621.862,27.564,,,595.1109944,Used ellipsoidal height
Line2_FloodplainNW-SE,ERT19,621.388,"starting at NW end by road, going SE",-99.00284054,38.20304823,595.29,0.013,0.014,0.017,0.019,2.134,m,FLOAT,2021-11-10 12:22:47.9 UTC-06:00,2021-11-10 12:22:58.1 UTC-06:00,6,1.5,-99.003069,38.203256,621.862,30.592,,,595.1569944,Used ellipsoidal height
Line2_FloodplainNW-SE,ERT20,621.461,"starting at NW end by road, going SE",-99.00281977,38.20302622,595.363,0.012,0.015,0.027,0.019,2.134,m,FIX,2021-11-10 12:23:14.3 UTC-06:00,2021-11-10 12:23:24.3 UTC-06:00,6,1.5,-99.003069,38.203256,621.862,33.619,,,595.2299944,Used ellipsoidal height
Line2_FloodplainNW-SE,ERT21,621.563,"starting at NW end by road, going SE",-99.00279839,38.20300515,595.464,0.01,0.014,0.01,0.017,2.134,m,FIX,2021-11-10 12:23:38.5 UTC-06:00,2021-11-10 12:23:48.7 UTC-06:00,6,1.5,-99.003069,38.203256,621.862,36.606,,,595.3309944,Used ellipsoidal height
Line2_FloodplainNW-SE,ERT22,620.955,"starting at NW end by road, going SE",-99.0027787,38.2029851,594.856,0.011,0.014,0.018,0.018,2.134,m,FIX,2021-11-10 12:24:04.9 UTC-06:00,2021-11-10 12:24:14.9 UTC-06:00,6,1.4,-99.003069,38.203256,621.862,39.409,,,594.7229944,Used ellipsoidal height
Line2_FloodplainNW-SE,ERT23,620.479,"starting at NW end by road, going SE",-99.00275672,38.20296209,594.38,0.011,0.018,0.015,0.021,2.134,m,FIX,2021-11-10 12:24:33.3 UTC-06:00,2021-11-10 12:24:43.5 UTC-06:00,6,1.5,-99.003069,38.203256,621.862,42.587,,,594.2469944,Used ellipsoidal height
Line2_FloodplainNW-SE,ERT24,620.714,"starting at NW end by road, going SE",-99.00273777,38.20294079,594.616,0.011,0.012,0.015,0.016,2.134,m,FIX,2021-11-10 12:24:59.7 UTC-06:00,2021-11-10 12:25:11.7 UTC-06:00,7,1.4,-99.003069,38.203256,621.862,45.474,,,594.4829944,Used ellipsoidal height
NA,edge of river at water level,619.351,near end of line 1,-99.00268066,38.2029248,593.253,0.014,0.012,0.014,0.019,2.134,m,FIX,2021-11-10 12:26:26.7 UTC-06:00,2021-11-10 12:26:37.3 UTC-06:00,6,1.4,-99.003069,38.203256,621.862,50.088,,,593.1199944,Used ellipsoidal height
NA,at lwph6,620.64,,-99.00338956,38.20282165,594.542,0.117,0.269,0.245,0.293,2.134,m,FLOAT,2021-11-10 12:30:41.5 UTC-06:00,2021-11-10 12:30:51.7 UTC-06:00,6,1.7,-99.003069,38.203256,621.862,56.039,595.283544,0.741544,594.4089944,Used ellipsoidal height
Line3_FloodplainSW-NE,ERT1,621.626,starting at SW end near LWPH6 and going toward river,-99.00363834,38.20272788,595.528,0.052,0.035,0.245,0.063,2.134,m,FLOAT,2021-11-10 12:33:01.3 UTC-06:00,2021-11-10 12:33:11.3 UTC-06:00,6,1.3,-99.003069,38.203256,621.862,76.926,,,595.3949944,Used ellipsoidal height
Line3_FloodplainSW-NE,ERT2,620.905,starting at SW end near LWPH6 and going toward river,-99.00361281,38.20274657,594.807,0.029,0.02,0.074,0.035,2.134,m,FLOAT,2021-11-10 12:33:51.7 UTC-06:00,2021-11-10 12:34:01.9 UTC-06:00,6,1.4,-99.003069,38.203256,621.862,73.98,,,594.6739944,Used ellipsoidal height
Line3_FloodplainSW-NE,ERT3,621.461,starting at SW end near LWPH6 and going toward river,-99.00358895,38.20276107,595.364,0.01,0.013,0.017,0.017,2.134,m,FLOAT,2021-11-10 12:34:32.1 UTC-06:00,2021-11-10 12:34:42.1 UTC-06:00,6,1.8,-99.003069,38.203256,621.862,71.398,,,595.2309944,Used ellipsoidal height
Line3_FloodplainSW-NE,ERT4,620.445,starting at SW end near LWPH6 and going toward river,-99.00356062,38.20277438,594.348,0.01,0.012,0.011,0.016,2.134,m,FLOAT,2021-11-10 12:34:58.5 UTC-06:00,2021-11-10 12:35:10.5 UTC-06:00,7,1.7,-99.003069,38.203256,621.862,68.652,,,594.2149944,Used ellipsoidal height
Line3_FloodplainSW-NE,ERT5,620.324,starting at SW end near LWPH6 and going toward river,-99.00353134,38.20278725,594.227,0.011,0.01,0.013,0.015,2.134,m,FLOAT,2021-11-10 12:35:36.3 UTC-06:00,2021-11-10 12:35:46.7 UTC-06:00,6,1.4,-99.003069,38.203256,621.862,65.949,,,594.0939944,Used ellipsoidal height
Line3_FloodplainSW-NE,ERT6,621.66,starting at SW end near LWPH6 and going toward river,-99.00350298,38.20280144,595.563,0.095,0.104,0.341,0.141,2.134,m,FIX,2021-11-10 12:36:07.1 UTC-06:00,2021-11-10 12:36:19.3 UTC-06:00,7,1.4,-99.003069,38.203256,621.862,63.277,,,595.4299944,Used ellipsoidal height
Line3_FloodplainSW-NE,ERT7,621.353,starting at SW end near LWPH6 and going toward river,-99.0034754,38.20281711,595.256,0.012,0.011,0.017,0.016,2.134,m,FLOAT,2021-11-10 12:36:39.3 UTC-06:00,2021-11-10 12:36:49.5 UTC-06:00,6,1.6,-99.003069,38.203256,621.862,60.358,,,595.1229944,Used ellipsoidal height
Line3_FloodplainSW-NE,ERT8,621.778,starting at SW end near LWPH6 and going toward river,-99.00344308,38.20282609,595.681,0.012,0.011,0.012,0.016,2.134,m,FIX,2021-11-10 12:37:35.9 UTC-06:00,2021-11-10 12:37:45.9 UTC-06:00,6,1.6,-99.003069,38.203256,621.862,57.934,,,595.5479944,Used ellipsoidal height
Line3_FloodplainSW-NE,ERT9,621.163,starting at SW end near LWPH6 and going toward river,-99.00341416,38.20284044,595.065,0.011,0.014,0.019,0.018,2.134,m,FLOAT,2021-11-10 12:38:10.3 UTC-06:00,2021-11-10 12:38:22.3 UTC-06:00,7,1.9,-99.003069,38.203256,621.862,55.167,,,594.9319944,Used ellipsoidal height
Line3_FloodplainSW-NE,ERT10,621.187,starting at SW end near LWPH6 and going toward river,-99.00338493,38.20285413,595.089,0.011,0.011,0.016,0.016,2.134,m,FLOAT,2021-11-10 12:38:42.7 UTC-06:00,2021-11-10 12:38:52.7 UTC-06:00,6,1.5,-99.003069,38.203256,621.862,52.516,,,594.9559944,Used ellipsoidal height
Line3_FloodplainSW-NE,ERT11,621.542,starting at SW end near LWPH6 and going toward river,-99.00335678,38.20287025,595.444,0.01,0.014,0.016,0.018,2.134,m,FIX,2021-11-10 12:39:20.9 UTC-06:00,2021-11-10 12:39:31.1 UTC-06:00,6,1.7,-99.003069,38.203256,621.862,49.733,,,595.3109944,Used ellipsoidal height
Line3_FloodplainSW-NE,ERT12,621.424,starting at SW end near LWPH6 and going toward river,-99.00332854,38.20288558,595.327,0.011,0.012,0.02,0.016,2.134,m,FIX,2021-11-10 12:39:47.1 UTC-06:00,2021-11-10 12:39:57.5 UTC-06:00,6,1.6,-99.003069,38.203256,621.862,47.02,,,595.1939944,Used ellipsoidal height
Line3_FloodplainSW-NE,ERT13,621.585,starting at SW end near LWPH6 and going toward river,-99.00329921,38.20289826,595.488,0.012,0.011,0.026,0.017,2.134,m,FIX,2021-11-10 12:40:21.7 UTC-06:00,2021-11-10 12:40:31.7 UTC-06:00,6,1.5,-99.003069,38.203256,621.862,44.57,,,595.3549944,Used ellipsoidal height
Line3_FloodplainSW-NE,ERT14,621.476,starting at SW end near LWPH6 and going toward river,-99.00326924,38.2029128,595.378,0.012,0.012,0.013,0.017,2.134,m,FIX,2021-11-10 12:40:51.9 UTC-06:00,2021-11-10 12:41:02.1 UTC-06:00,6,1.6,-99.003069,38.203256,621.862,41.972,,,595.2449944,Used ellipsoidal height
Line3_FloodplainSW-NE,ERT15,621.631,starting at SW end near LWPH6 and going toward river,-99.00324162,38.20292894,595.533,0.018,0.014,0.03,0.023,2.134,m,FIX,2021-11-10 12:41:20.1 UTC-06:00,2021-11-10 12:41:30.1 UTC-06:00,6,1.4,-99.003069,38.203256,621.862,39.368,,,595.3999944,Used ellipsoidal height
Line3_FloodplainSW-NE,ERT16,621.644,starting at SW end near LWPH6 and going toward river,-99.00321353,38.20294331,595.546,0.011,0.013,0.038,0.017,2.134,m,FIX,2021-11-10 12:41:50.5 UTC-06:00,2021-11-10 12:42:02.5 UTC-06:00,7,1.7,-99.003069,38.203256,621.862,36.989,,,595.4129944,Used ellipsoidal height
Line3_FloodplainSW-NE,ERT17,621.431,starting at SW end near LWPH6 and going toward river,-99.00318565,38.20295974,595.333,0.023,0.011,0.03,0.025,2.134,m,FIX,2021-11-10 12:43:17.3 UTC-06:00,2021-11-10 12:43:29.3 UTC-06:00,7,1.4,-99.003069,38.203256,621.862,34.487,,,595.1999944,Used ellipsoidal height
Line3_FloodplainSW-NE,ERT18,621.628,starting at SW end near LWPH6 and going toward river,-99.003158,38.20297548,595.53,0.018,0.022,0.017,0.029,2.134,m,FIX,2021-11-10 12:43:53.6 UTC-06:00,2021-11-10 12:44:03.7 UTC-06:00,6,1.4,-99.003069,38.203256,621.862,32.133,,,595.3969944,Used ellipsoidal height
Line3_FloodplainSW-NE,ERT19,621.687,starting at SW end near LWPH6 and going toward river,-99.00313034,38.20299142,595.589,0.01,0.016,0.014,0.019,2.134,m,FIX,2021-11-10 12:44:23.7 UTC-06:00,2021-11-10 12:44:33.9 UTC-06:00,6,1.4,-99.003069,38.203256,621.862,29.934,,,595.4559944,Used ellipsoidal height
Line3_FloodplainSW-NE,ERT20,621.48,starting at SW end near LWPH6 and going toward river,-99.00310438,38.20300775,595.382,0.012,0.013,0.011,0.018,2.134,m,FIX,2021-11-10 12:44:54.1 UTC-06:00,2021-11-10 12:45:04.1 UTC-06:00,6,1.5,-99.003069,38.203256,621.862,27.793,,,595.2489944,Used ellipsoidal height
Line3_FloodplainSW-NE,ERT21,621.13,starting at SW end near LWPH6 and going toward river,-99.00307518,38.20302298,595.032,0.014,0.011,0.013,0.018,2.134,m,FIX,2021-11-10 12:45:28.5 UTC-06:00,2021-11-10 12:45:40.5 UTC-06:00,7,1.4,-99.003069,38.203256,621.862,25.916,,,594.8989944,Used ellipsoidal height
Line3_FloodplainSW-NE,ERT22,621.163,starting at SW end near LWPH6 and going toward river,-99.00304804,38.20303895,595.065,0.013,0.02,0.011,0.024,2.134,m,FIX,2021-11-10 12:46:02.7 UTC-06:00,2021-11-10 12:46:12.7 UTC-06:00,6,1.7,-99.003069,38.203256,621.862,24.2,,,594.9319944,Used ellipsoidal height
Line3_FloodplainSW-NE,ERT23,621.234,starting at SW end near LWPH6 and going toward river,-99.00302085,38.20305384,595.136,0.027,0.024,0.049,0.036,2.134,m,FLOAT,2021-11-10 12:46:43.1 UTC-06:00,2021-11-10 12:46:53.1 UTC-06:00,6,1.5,-99.003069,38.203256,621.862,22.871,,,595.0029944,Used ellipsoidal height
Line3_FloodplainSW-NE,ERT24,621.466,starting at SW end near LWPH6 and going toward river,-99.00299055,38.20306887,595.368,0.028,0.027,0.04,0.039,2.134,m,FLOAT,2021-11-10 12:47:31.5 UTC-06:00,2021-11-10 12:47:43.5 UTC-06:00,7,1.5,-99.003069,38.203256,621.862,21.944,,,595.2349944,Used ellipsoidal height
Line3_FloodplainSW-NE,ERT25,621.173,starting at SW end near LWPH6 and going toward river,-99.00296225,38.20308664,595.075,0.025,0.027,0.04,0.037,2.134,m,FLOAT,2021-11-10 12:48:29.9 UTC-06:00,2021-11-10 12:48:42.3 UTC-06:00,7,1.7,-99.003069,38.203256,621.862,21.073,,,594.9419944,Used ellipsoidal height
Line3_FloodplainSW-NE,ERT26,620.756,starting at SW end near LWPH6 and going toward river,-99.00293519,38.20310035,594.658,0.023,0.018,0.037,0.029,2.134,m,FLOAT,2021-11-10 12:49:02.3 UTC-06:00,2021-11-10 12:49:12.5 UTC-06:00,6,1.7,-99.003069,38.203256,621.862,20.892,,,594.5249944,Used ellipsoidal height
Line3_FloodplainSW-NE,ERT27,620.905,starting at SW end near LWPH6 and going toward river,-99.00290414,38.20311546,594.807,0.011,0.013,0.014,0.017,2.134,m,FLOAT,2021-11-10 12:49:33.3 UTC-06:00,2021-11-10 12:49:44.7 UTC-06:00,6,1.5,-99.003069,38.203256,621.862,21.285,,,594.6739944,Used ellipsoidal height
Line3_FloodplainSW-NE,ERT28,621.233,starting at SW end near LWPH6 and going toward river,-99.00287782,38.20313173,595.135,0.013,0.013,0.02,0.019,2.134,m,FIX,2021-11-10 12:50:02.7 UTC-06:00,2021-11-10 12:50:13.0 UTC-06:00,6,1.4,-99.003069,38.203256,621.862,21.737,,,595.0019944,Used ellipsoidal height
Line3_FloodplainSW-NE,ERT29,621.249,starting at SW end near LWPH6 and going toward river,-99.00285035,38.20314808,595.151,0.012,0.011,0.027,0.016,2.134,m,FIX,2021-11-10 12:50:32.7 UTC-06:00,2021-11-10 12:50:43.1 UTC-06:00,6,1.6,-99.003069,38.203256,621.862,22.639,,,595.0179944,Used ellipsoidal height
Line3_FloodplainSW-NE,ERT30,621.17,starting at SW end near LWPH6 and going toward river,-99.00282131,38.20316223,595.072,0.012,0.012,0.02,0.017,2.134,m,FIX,2021-11-10 12:51:07.5 UTC-06:00,2021-11-10 12:51:17.5 UTC-06:00,6,1.6,-99.003069,38.203256,621.862,24.112,,,594.9389944,Used ellipsoidal height
Line3_FloodplainSW-NE,ERT31,620.794,starting at SW end near LWPH6 and going toward river,-99.00279565,38.20318,594.696,0.046,0.028,0.167,0.054,2.134,m,FLOAT,2021-11-10 12:51:35.7 UTC-06:00,2021-11-10 12:51:47.7 UTC-06:00,7,1.6,-99.003069,38.203256,621.862,25.317,,,594.9389944,Set equal to ERT30; weird dip in measurements that was not true in field
Line3_FloodplainSW-NE,ERT32,620.364,starting at SW end near LWPH6 and going toward river,-99.00277431,38.20319602,594.266,0.055,0.026,0.145,0.061,2.134,m,FLOAT,2021-11-10 12:52:06.1 UTC-06:00,2021-11-10 12:52:18.1 UTC-06:00,7,1.7,-99.003069,38.203256,621.862,26.589,,,594.9389944,Set equal to ERT30; weird dip in measurements that was not true in field
Line3_FloodplainSW-NE,ERT33,619.454,starting at SW end near LWPH6 and going toward river,-99.00274922,38.20321612,593.356,0.014,0.023,0.07,0.027,2.134,m,FLOAT,2021-11-10 12:52:48.4 UTC-06:00,2021-11-10 12:53:00.3 UTC-06:00,7,1.7,-99.003069,38.203256,621.862,28.369,,,594.9389944,Set equal to ERT30; weird dip in measurements that was not true in field
Line3_FloodplainSW-NE,ERT34,618.252,starting at SW end near LWPH6 and going toward river,-99.0027266,38.20323323,592.154,0.019,0.011,0.027,0.022,2.134,m,FIX,2021-11-10 12:54:25.0 UTC-06:00,2021-11-10 12:54:35.0 UTC-06:00,6,1.4,-99.003069,38.203256,621.862,30.118,,,594.9389944,Set equal to ERT30; weird dip in measurements that was not true in field
Line3_FloodplainSW-NE,ERT36,617.994,starting at SW end near LWPH6 and going toward river,-99.00268037,38.2032542,591.896,0.012,0.013,0.016,0.017,2.134,m,FLOAT,2021-11-10 12:55:41.2 UTC-06:00,2021-11-10 12:55:51.4 UTC-06:00,6,1.3,-99.003069,38.203256,621.862,34.079,,,594.9389944,Set equal to ERT30; weird dip in measurements that was not true in field
Line3_FloodplainSW-NE,ERT37,617.988,starting at SW end near LWPH6 and going toward river,-99.00264851,38.20326908,591.89,0.011,0.012,0.025,0.016,2.134,m,FLOAT,2021-11-10 12:56:12.2 UTC-06:00,2021-11-10 12:56:24.2 UTC-06:00,7,1.3,-99.003069,38.203256,621.862,36.9,,,594.9389944,Set equal to ERT30; weird dip in measurements that was not true in field
Line3_FloodplainSW-NE,ERT38,620.78,starting at SW end near LWPH6 and going toward river,-99.00260892,38.20328076,594.682,0.021,0.017,0.017,0.027,2.134,m,FIX,2021-11-10 12:56:44.6 UTC-06:00,2021-11-10 12:56:56.8 UTC-06:00,7,1.4,-99.003069,38.203256,621.862,40.385,,,594.5489944,Used ellipsoidal height
Line3_FloodplainSW-NE,ERT39,621.282,starting at SW end near LWPH6 and going toward river,-99.0025764,38.20329288,595.184,0.02,0.021,0.01,0.029,2.134,m,FIX,2021-11-10 12:57:35.2 UTC-06:00,2021-11-10 12:57:45.2 UTC-06:00,6,1.3,-99.003069,38.203256,621.862,43.357,,,595.0509944,Used ellipsoidal height
Line3_FloodplainSW-NE,ERT40,621.997,starting at SW end near LWPH6 and going toward river,-99.00255641,38.20331852,595.899,0.228,0.458,0.278,0.511,2.134,m,FLOAT,2021-11-10 12:58:21.4 UTC-06:00,2021-11-10 12:58:31.6 UTC-06:00,6,1.4,-99.003069,38.203256,621.862,45.549,,,595.7659944,Used ellipsoidal height
Line3_FloodplainSW-NE,ERT41,621.818,starting at SW end near LWPH6 and going toward river,-99.00253906,38.20332473,595.719,0.012,0.011,0.014,0.016,2.134,m,FLOAT,2021-11-10 12:58:57.8 UTC-06:00,2021-11-10 12:59:08.0 UTC-06:00,6,1.5,-99.003069,38.203256,621.862,47.087,,,595.5859944,Used ellipsoidal height
Line3_FloodplainSW-NE,ERT42,621.738,starting at SW end near LWPH6 and going toward river,-99.00250749,38.20333862,595.64,0.011,0.011,0.013,0.016,2.134,m,FLOAT,2021-11-10 12:59:28.0 UTC-06:00,2021-11-10 12:59:38.2 UTC-06:00,6,1.4,-99.003069,38.203256,621.862,50.075,,,595.5069944,Used ellipsoidal height
Line3_FloodplainSW-NE,ERT43,621.319,starting at SW end near LWPH6 and going toward river,-99.00244705,38.20334424,595.221,0.012,0.014,0.047,0.019,2.134,m,FIX,2021-11-10 12:59:56.6 UTC-06:00,2021-11-10 13:00:08.6 UTC-06:00,7,1.4,-99.003069,38.203256,621.862,55.374,,,595.0879944,Used ellipsoidal height
Line3_FloodplainSW-NE,ERT44,621.299,starting at SW end near LWPH6 and going toward river,-99.0024171,38.20335613,595.201,0.012,0.013,0.014,0.017,2.134,m,FLOAT,2021-11-10 13:00:32.8 UTC-06:00,2021-11-10 13:00:44.6 UTC-06:00,7,1.4,-99.003069,38.203256,621.862,58.198,,,595.0679944,Used ellipsoidal height
Line3_FloodplainSW-NE,ERT45,621.41,starting at SW end near LWPH6 and going toward river,-99.00238496,38.20336921,595.312,0.011,0.013,0.013,0.017,2.134,m,FIX,2021-11-10 13:01:17.0 UTC-06:00,2021-11-10 13:01:29.0 UTC-06:00,7,1.6,-99.003069,38.203256,621.862,61.242,,,595.1789944,Used ellipsoidal height
Line3_FloodplainSW-NE,ERT46,621.439,starting at SW end near LWPH6 and going toward river,-99.00235854,38.20338121,595.341,0.013,0.01,0.015,0.017,2.134,m,FIX,2021-11-10 13:01:49.4 UTC-06:00,2021-11-10 13:02:01.4 UTC-06:00,7,1.4,-99.003069,38.203256,621.862,63.801,,,595.2079944,Used ellipsoidal height
Line3_FloodplainSW-NE,ERT47,621.056,starting at SW end near LWPH6 and going toward river,-99.00232714,38.20339126,594.958,0.013,0.016,0.015,0.021,2.134,m,FIX,2021-11-10 13:02:29.8 UTC-06:00,2021-11-10 13:02:40.0 UTC-06:00,6,1.4,-99.003069,38.203256,621.862,66.716,,,594.8249944,Used ellipsoidal height
Line3_FloodplainSW-NE,ERT48,620.082,starting at SW end near LWPH6 and going toward river,-99.0022944,38.20340002,593.984,0.011,0.01,0.021,0.015,2.134,m,FIX,2021-11-10 13:03:18.0 UTC-06:00,2021-11-10 13:03:28.2 UTC-06:00,6,1.3,-99.003069,38.203256,621.862,69.714,,,593.8509944,Used ellipsoidal height
NA,edge of river at water level,619.54,near end of riparian line 2,-99.00219859,38.20344263,593.442,0.018,0.015,0.013,0.023,2.134,m,FIX,2021-11-10 13:04:39.0 UTC-06:00,2021-11-10 13:04:49.0 UTC-06:00,6,1.4,-99.003069,38.203256,621.862,79.026,,,593.3089944,Used ellipsoidal height
NA,usgs gage edge of river at water level,619.287,,-99.00222263,38.20376855,593.189,0.075,0.047,0.195,0.088,2.134,m,FLOAT,2021-11-10 13:06:15.4 UTC-06:00,2021-11-10 13:06:35.6 UTC-06:00,11,1.4,-99.003069,38.203256,621.862,93.331,,,593.0559944,Used ellipsoidal height
NA,usgs gage bottom of river,619.97,,-99.00222103,38.20375417,593.872,0.134,0.034,0.131,0.138,2.134,m,FLOAT,2021-11-10 13:07:12.0 UTC-06:00,2021-11-10 13:07:32.2 UTC-06:00,11,1.4,-99.003069,38.203256,621.862,92.506,,,593.7389944,Used ellipsoidal height
NA,edge of river upstream of bridge,619.672,,-99.00219053,38.20362019,593.574,0.011,0.014,0.011,0.018,2.134,m,FIX,2021-11-10 13:09:27.2 UTC-06:00,2021-11-10 13:09:49.2 UTC-06:00,12,1.2,-99.003069,38.203256,621.862,86.925,,,593.4409944,Used ellipsoidal height
NA,bottom of river upstream of bridge,619.58,,-99.0021866,38.20361951,593.482,0.012,0.014,0.011,0.018,2.134,m,FIX,2021-11-10 13:10:11.4 UTC-06:00,2021-11-10 13:10:31.6 UTC-06:00,11,1.3,-99.003069,38.203256,621.862,87.183,,,593.3489944,Used ellipsoidal height
NA,at lwph2 10 sec,621.369,,-99.00243779,38.20338873,595.271,0.011,0.011,0.011,0.016,2.134,m,FLOAT,2021-11-10 13:12:40.4 UTC-06:00,2021-11-10 13:12:52.4 UTC-06:00,7,1.2,-99.003069,38.203256,621.862,57.238,595.250016,-0.020984,595.1379944,Used ellipsoidal height
NA,at lwph2 20 sec,621.371,,-99.00243781,38.20338873,595.273,0.014,0.013,0.011,0.019,2.134,m,FLOAT,2021-11-10 13:13:12.6 UTC-06:00,2021-11-10 13:13:34.6 UTC-06:00,12,1.3,-99.003069,38.203256,621.862,57.26,595.250016,-0.022984,595.1399944,Used ellipsoidal height
NA,at lwph2 fix,621.253,,-99.00243803,38.20338847,595.155,0.011,0.01,0.012,0.015,2.134,m,FIX,2021-11-10 13:14:00.4 UTC-06:00,2021-11-10 13:14:10.8 UTC-06:00,6,1.3,-99.003069,38.203256,621.862,57.211,595.250016,0.095016,595.0219944,Used ellipsoidal height
